{"../PySrimShort.py": 1664367094.7384415, "../.sync": 1664367099.894667, "../.gitignore": 1664367099.990671, "../.idea": 1664367094.7384415, "../.git": 1664367112.891234, "../README.md": 1664367094.7384415, "../PySrimFull.py": 1664367094.7384415}