{"../PySrimShort.py": 1664369010.9185529, "../.sync": 1664369011.7905588, "../.gitignore": 1664369010.9185529, "../.idea": 1664369010.9185529, "../.git": 1664369017.5465975, "../README.md": 1664369010.9185529, "../PySrimFull.py": 1664369010.9185529}